"icao","call_sign","time","lat","lon","baro_alt","geo_alt","velocity","heading","vertical_rate","diff_time","Time"
"4aaa15","SEJPU",1623060630,59.6592407226562,17.9705200195312,76.2,152.4,27.2703848134228,215.788973459183,6.82752,10,0
"4aaa15","SEJPU",1623060640,59.6561279296875,17.9703369140625,137.16,213.36,39.9547826792782,168.111341960372,4.8768,10,0.00337837837837838
"4aaa15","SEJPU",1623060650,59.6522703009137,17.9724015860722,175.26,251.46,49.1825683581392,164.219246690485,2.92608,10,0.00675675675675676
"4aaa15","SEJPU",1623060660,59.6479409427966,17.9746746194774,198.12,274.32,54.1511877139078,165.699722550814,2.92608,10,0.0101351351351351
"4aaa15","SEJPU",1623060670,59.6428070068359,17.9773864746094,236.22,320.04,58.1594811959943,164.611532167241,2.27584,10,0.0135135135135135
"4aaa15","SEJPU",1623060680,59.6376528982389,17.9803572029903,266.7,358.14,61.6925397402702,163.529571560391,4.55168,10,0.0168918918918919
"4aaa15","SEJPU",1623060690,59.6324855998411,17.9833879141972,289.56,381,61.3483906793247,162.932595181536,1.95072,10,0.0202702702702703
"4aaa15","SEJPU",1623060700,59.6272430419922,17.98681640625,304.8,403.86,62.2881011360417,157.671343621981,3.2512,10,0.0236486486486486
"4aaa15","SEJPU",1623060710,59.6219647940943,17.9912488213901,335.28,426.72,60.769752237143,166.787253121665,0.32512,10,0.027027027027027
"4aaa15","SEJPU",1623060720,59.6169891357422,17.994140625,350.52,441.96,59.0267046562439,149.63572899984,2.27584,10,0.0304054054054054
"4aaa15","SEJPU",1623060730,59.6123199462891,17.99853515625,365.76,457.2,59.0199788604506,165.358115458767,1.6256,10,0.0337837837837838
"4aaa15","SEJPU",1623060740,59.6071472167969,18.0012817382812,381,472.44,61.5013445024718,162.474431626277,1.6256,10,0.0371621621621622
"4aaa15","SEJPU",1623060750,59.6017913818359,18.0049438476562,403.86,495.3,61.8403629599245,160.057615418303,2.27584,10,0.0405405405405405
"4aaa15","SEJPU",1623060760,59.5964541677701,18.008770120555,411.48,495.3,63.6436052477111,159.660777887348,0,10,0.0439189189189189
"4aaa15","SEJPU",1623060770,59.5909610037076,18.0126532192888,396.24,487.68,64.4226864552446,161.854421340519,-1.6256,10,0.0472972972972973
"4aaa15","SEJPU",1623060780,59.58544921875,18.0160217285156,396.24,487.68,64.9117439950142,161.995838394087,0.65024,10,0.0506756756756757
"4aaa15","SEJPU",1623060790,59.5800933837891,18.0196838378906,396.24,487.68,65.8910189705401,160.857731808534,0,10,0.0540540540540541
"4aaa15","SEJPU",1623060800,59.5742797851562,18.0235290527344,396.24,487.68,67.1876468941483,161.703781606966,-0.97536,10,0.0574324324324324
"4aaa15","SEJPU",1623060810,59.5685228250794,18.0271438072468,403.86,487.68,67.8539740109523,162.801458779934,0.65024,10,0.0608108108108108
"4aaa15","SEJPU",1623060820,59.5626572431144,18.030742776805,403.86,495.3,68.6546671750156,162.108122870802,1.30048,10,0.0641891891891892
"4aaa15","SEJPU",1623060830,59.5568389892578,18.0345153808594,403.86,495.3,69.30307290128,161.834043470775,-0.97536,10,0.0675675675675676
"4aaa15","SEJPU",1623060840,59.5508422851562,18.0383605957031,403.86,495.3,68.4983683159836,162.517624817878,0.65024,10,0.0709459459459459
"4aaa15","SEJPU",1623060850,59.5452575683594,18.0420227050781,403.86,495.3,68.4906406119522,161.156774623053,-0.97536,10,0.0743243243243243
"4aaa15","SEJPU",1623060860,59.539241467492,18.0458963328394,403.86,495.3,68.4983683159836,162.517624817878,0.97536,10,0.0777027027027027
"4aaa15","SEJPU",1623060870,59.5332641601562,18.0496215820312,403.86,495.3,68.6893519567379,163.465162142655,-0.65024,10,0.0810810810810811
"4aaa15","SEJPU",1623060880,59.5272775423729,18.0530942719558,403.86,495.3,69.3297991513608,163.178590109959,0,10,0.0844594594594595
"4aaa15","SEJPU",1623060890,59.5215981693591,18.0565038220636,403.86,495.3,68.8375284614438,163.054676622621,-0.65024,10,0.0878378378378378
"4aaa15","SEJPU",1623060900,59.5155487060547,18.0602416992188,403.86,495.3,67.6762764920442,161.840509533213,-0.32512,10,0.0912162162162162
"4aaa15","SEJPU",1623060910,59.5099601099047,18.0637964709052,403.86,495.3,67.3627046604117,162.672078222759,0,10,0.0945945945945946
"4aaa15","SEJPU",1623060920,59.5039672851562,18.0675659179688,396.24,487.68,67.3627046604117,162.672078222759,0,10,0.097972972972973
"4aaa15","SEJPU",1623060930,59.4982754982124,18.0709944100216,396.24,487.68,68.1963389912313,163.342154443421,-0.32512,10,0.101351351351351
"4aaa15","SEJPU",1623060940,59.4923400878906,18.0736999511719,396.24,487.68,68.9143775263589,167.935115589475,-0.32512,10,0.10472972972973
"4aaa15","SEJPU",1623060950,59.4863115730932,18.0762981546336,403.86,495.3,69.4175415245188,168.023867555797,0,10,0.108108108108108
"4aaa15","SEJPU",1623060960,59.4801177978516,18.0785522460938,403.86,495.3,69.1903274196698,171.44816976618,0.32512,10,0.111486486486486
"4aaa15","SEJPU",1623060970,59.4737424688824,18.0796129950162,403.86,495.3,68.9431738410886,179.144902603733,0,10,0.114864864864865
"4aaa15","SEJPU",1623060980,59.4677581787109,18.0788269042969,396.24,487.68,67.7759225972878,186.100059960322,1.6256,10,0.118243243243243
"4aaa15","SEJPU",1623060990,59.4618530273438,18.0775451660156,411.48,502.92,66.1375736957428,185.355825042855,0.97536,10,0.121621621621622
"4aaa15","SEJPU",1623061000,59.4561309814453,18.0766296386719,403.86,502.92,65.5366120443233,184.502189492041,-0.32512,10,0.125
"4aaa15","SEJPU",1623061010,59.4500427246094,18.0756225585938,403.86,495.3,65.5789998662682,184.950272234292,-2.60096,10,0.128378378378378
"4aaa15","SEJPU",1623061020,59.4445542157707,18.0752563476562,396.24,480.06,59.6954575434031,181.481457170887,0.32512,10,0.131756756756757
"4aaa15","SEJPU",1623061030,59.4392852783203,18.0752563476562,403.86,495.3,55.6765322651292,176.29157184287,2.27584,10,0.135135135135135
"4aaa15","SEJPU",1623061040,59.4347316935911,18.0770558324353,457.2,556.26,52.0580725954452,161.565051177078,9.7536,10,0.138513513513514
"4aaa15","SEJPU",1623061050,59.4304504394531,18.08056640625,556.26,647.7,48.0860688844621,153.983217059226,7.47776,10,0.141891891891892
"4aaa15","SEJPU",1623061060,59.4264919474973,18.0831172548491,609.6,701.04,46.348520911642,171.060434996848,6.17728,10,0.14527027027027
"4aaa15","SEJPU",1623061070,59.4223487983316,18.0836855132004,678.18,769.62,45.2827623996784,181.301952672579,6.5024,10,0.148648648648649
"4aaa15","SEJPU",1623061080,59.4182056491658,18.0829278353987,739.14,822.96,46.7804723183251,188.219209248899,6.17728,10,0.152027027027027
"4aaa15","SEJPU",1623061090,59.4140625,18.0815734863281,800.1,883.92,49.2363492034671,190.84030545433,6.82752,10,0.155405405405405
"4aaa15","SEJPU",1623061100,59.4097137451172,18.0800170898438,876.3,960.12,50.5753661439978,189.366509957012,8.77824,10,0.158783783783784
"4aaa15","SEJPU",1623061110,59.4048917091499,18.0783817685884,906.78,1005.84,58.5291690658289,190.124671655398,-0.32512,10,0.162162162162162
"4aaa15","SEJPU",1623061120,59.3994450973252,18.0768664129849,906.78,1005.84,63.174058341782,186.546290783294,0.97536,10,0.165540540540541
"4aaa15","SEJPU",1623061130,59.3938751220703,18.0752563476562,922.02,1028.7,63.6851752098493,189.766679395773,2.27584,10,0.168918918918919
"4aaa15","SEJPU",1623061140,59.3881794557733,18.0733621531519,944.88,1051.56,64.1922225479654,189.688786560367,2.27584,10,0.172297297297297
"4aaa15","SEJPU",1623061150,59.3822937011719,18.0712280273438,960.12,1066.8,63.8677616084451,190.676355682696,2.27584,10,0.175675675675676
"4aaa15","SEJPU",1623061160,59.376774157508,18.0689107960668,975.36,1082.04,64.5109494052258,193.371331969892,1.6256,10,0.179054054054054
"4aaa15","SEJPU",1623061170,59.3712809934455,18.066353633486,982.98,1089.66,63.5624656254788,191.673710312885,0.65024,10,0.182432432432432
"4aaa15","SEJPU",1623061180,59.3656311035156,18.0640869140625,998.22,1104.9,61.7504257523095,190.561010691196,0.97536,10,0.185810810810811
"4aaa15","SEJPU",1623061190,59.3602481130826,18.0620916958513,998.22,1112.52,61.1517918763766,190.175510843043,0.65024,10,0.189189189189189
"4aaa15","SEJPU",1623061200,59.3550567626953,18.0606079101562,1013.46,1120.14,56.9245710668177,186.225829064426,0.97536,10,0.192567567567568
"4aaa15","SEJPU",1623061210,59.3501462774762,18.0600080818966,1021.08,1135.38,50.9533344524592,181.735704588928,0,10,0.195945945945946
"4aaa15","SEJPU",1623061220,59.3459014892578,18.0594177246094,1005.84,1127.76,45.5072172626409,185.839492311517,-0.32512,10,0.199324324324324
"4aaa15","SEJPU",1623061230,59.3420927403337,18.0590609846444,1028.7,1143,39.1281926435628,182.260501911141,2.60096,10,0.202702702702703
"4aaa15","SEJPU",1623061240,59.3388519287109,18.0591430664062,1036.32,1150.62,34.0505971789749,175.667686016812,0.65024,10,0.206081081081081
"4aaa15","SEJPU",1623061250,59.3359478449417,18.0595345332705,1043.94,1158.24,31.587029170891,173.453709216706,0.32512,10,0.209459459459459
"4aaa15","SEJPU",1623061260,59.3332012629105,18.0601027916218,1043.94,1158.24,29.3954219927022,175.985824304589,0.32512,10,0.212837837837838
"4aaa15","SEJPU",1623061270,59.3308410644531,18.0603332519531,1043.94,1158.24,24.2007493329849,177.56335175319,0,10,0.216216216216216
"4aaa15","SEJPU",1623061280,59.3287788003178,18.0603869207974,1043.94,1158.24,23.14998,180,-0.97536,10,0.219594594594595
"4aaa15","SEJPU",1623061290,59.3267211914062,18.0603332519531,1028.7,1135.38,22.7812160723631,186.483073692897,-0.97536,10,0.222972972972973
"4aaa15","SEJPU",1623061300,59.3248684123411,18.0594398235453,1021.08,1135.38,18.6481515085197,204.443954780417,-1.30048,10,0.226351351351351
"4aaa15","SEJPU",1623061310,59.3235626220703,18.0577697753906,1005.84,1112.52,17.2856246139543,216.528855366985,-1.6256,10,0.22972972972973
"4aaa15","SEJPU",1623061320,59.3225555419922,18.0559387207031,990.6,1097.28,13.8995114759217,231.009005957495,-0.97536,10,0.233108108108108
"4aaa15","SEJPU",1623061330,59.3218231201172,18.0540161132812,982.98,1089.66,13.9943897887918,233.972626614896,0,10,0.236486486486486
"4aaa15","SEJPU",1623061340,59.3210906982422,18.0520935058594,982.98,1089.66,12.559178594361,235.007979801441,-0.65024,10,0.239864864864865
"4aaa15","SEJPU",1623061350,59.3204956054688,18.0501708984375,975.36,1082.04,12.9839795424836,236.30993247402,-0.65024,10,0.243243243243243
"4aaa15","SEJPU",1623061360,59.3199804273702,18.0481693662446,967.74,1074.42,11.8768620152584,265.03025927189,0,10,0.246621621621622
"4aaa15","SEJPU",1623061370,59.3202667236328,18.046142578125,967.74,1074.42,12.1956868430782,297.645975363739,0.65024,10,0.25
"4aaa15","SEJPU",1623061380,59.3209114721266,18.044380977236,967.74,1074.42,11.3294538761125,309.472459848344,0,10,0.253378378378378
"4aaa15","SEJPU",1623061390,59.321563203456,18.0432444605334,975.36,1082.04,9.88214653560571,321.34019174591,-0.32512,10,0.256756756756757
"4aaa15","SEJPU",1623061400,59.3224639892578,18.0421142578125,982.98,1082.04,12.6536493007859,333.434948822922,1.30048,10,0.260135135135135
"4aaa15","SEJPU",1623061410,59.3234718452066,18.0413502660291,990.6,1097.28,12.7266417027915,345.963756532073,0.97536,10,0.263513513513513
"4aaa15","SEJPU",1623061420,59.3245239257812,18.0406494140625,990.6,1097.28,11.081462896166,338.198590513648,-0.32512,10,0.266891891891892
"4aaa15","SEJPU",1623061430,59.3252563476562,18.0401916503906,982.98,1089.66,10.3401964280638,354.2894068625,-0.97536,10,0.27027027027027
"4aaa15","SEJPU",1623061440,59.3263549804688,18.0401916503906,967.74,1074.42,10.28888,0,-0.97536,10,0.273648648648649
"4aaa15","SEJPU",1623061450,59.3273822331833,18.0404031687769,960.12,1066.8,12.5275300469665,19.1790080258107,-0.65024,10,0.277027027027027
"4aaa15","SEJPU",1623061460,59.3284994868909,18.0413502660291,967.74,1074.42,14.0415885392758,28.4429286243634,1.6256,10,0.280405405405405
"4aaa15","SEJPU",1623061470,59.3296632928363,18.0425814924569,975.36,1082.04,14.9543128100197,26.565051177078,0.32512,10,0.283783783783784
"4aaa15","SEJPU",1623061480,59.3308410644531,18.0441284179688,975.36,1082.04,16.3735491972501,43.7269699799433,0.97536,10,0.287162162162162
"4aaa15","SEJPU",1623061490,59.3318481445312,18.0464172363281,982.98,1089.66,18.00554,53.130102354156,0.65024,10,0.29054054054054
"4aaa15","SEJPU",1623061500,59.3327178955078,18.0491638183594,990.6,1097.28,17.2549763192535,63.434948822922,-0.65024,10,0.293918918918919
"4aaa15","SEJPU",1623061510,59.3331756591797,18.0518188476562,975.36,1082.04,16.3492860831096,77.2756443145776,-1.6256,10,0.297297297297297
"4aaa15","SEJPU",1623061520,59.3334503173828,18.0546569824219,960.12,1066.8,15.7389599679044,78.6900675259798,-0.65024,10,0.300675675675676
"4aaa15","SEJPU",1623061530,59.3335876464844,18.0572204589844,960.12,1066.8,13.9280428329571,94.2363947990589,-0.97536,10,0.304054054054054
"4aaa15","SEJPU",1623061540,59.3333587646484,18.0596008300781,944.88,1051.56,14.2288179863628,102.528807709151,-1.30048,10,0.307432432432432
"4aaa15","SEJPU",1623061550,59.3329685017214,18.0619022764009,944.88,1043.94,14.0510092639446,113.749494492867,0.65024,10,0.310810810810811
"4aaa15","SEJPU",1623061560,59.3323059082031,18.0639953613281,952.5,1059.18,14.1915697078405,133.531199285614,1.95072,10,0.314189189189189
"4aaa15","SEJPU",1623061570,59.3311614990234,18.0653686523438,967.74,1074.42,15.6462034356837,170.537677791974,1.30048,10,0.317567567567568
"4aaa15","SEJPU",1623061580,59.3298960540254,18.06370176118,990.6,1097.28,21.8563033377211,243.434948822922,1.6256,10,0.320945945945946
"4aaa15","SEJPU",1623061590,59.3297882080078,18.0587768554688,1005.84,1112.52,32.0816781778931,285.8191939475,1.95072,10,0.324324324324324
"4aaa15","SEJPU",1623061600,59.3321228027344,18.0546569824219,1013.46,1120.14,40.8359671880799,340.880273670069,0,10,0.327702702702703
"4aaa15","SEJPU",1623061610,59.3360595703125,18.0543823242188,990.6,1097.28,50.9273577317025,8.13010235415598,-5.52704,10,0.331081081081081
"4aaa15","SEJPU",1623061620,59.3411151433395,18.0565985317888,944.88,1051.56,56.2722729913431,14.2903250818177,-3.2512,10,0.33445945945946
"4aaa15","SEJPU",1623061630,59.3458169193591,18.0587768554688,906.78,1013.46,55.9113302949808,12.7575321608767,-3.2512,10,0.337837837837838
"4aaa15","SEJPU",1623061640,59.3508445610434,18.0611445985991,876.3,982.98,55.7738917672467,14.420773127511,-3.57632,10,0.341216216216216
"4aaa15","SEJPU",1623061650,59.3556976318359,18.063720703125,822.96,937.26,55.6480045780649,13.9077778098547,-4.55168,10,0.344594594594595
"4aaa15","SEJPU",1623061660,59.3605499267578,18.0661010742188,784.86,899.16,55.6480045780649,13.9077778098547,-3.57632,10,0.347972972972973
"4aaa15","SEJPU",1623061670,59.3654154114804,18.0683425377155,746.76,853.44,55.0262730879075,13.5165681087913,-3.2512,10,0.351351351351351
"4aaa15","SEJPU",1623061680,59.3702102919756,18.0706155711207,716.28,822.96,53.9062692820907,13.2405199151872,-2.60096,10,0.35472972972973
"4aaa15","SEJPU",1623061690,59.3746490478516,18.0727844238281,708.66,807.72,52.6570564640474,14.7150716505978,-0.97536,10,0.358108108108108
"4aaa15","SEJPU",1623061700,59.3793345305879,18.0750669282058,708.66,807.72,52.5287379571596,14.172337700132,0.97536,10,0.361486486486487
"4aaa15","SEJPU",1623061710,59.3839874267578,18.0773620605469,708.66,807.72,52.2863429489468,13.0791237800668,-0.65024,10,0.364864864864865
"4aaa15","SEJPU",1623061720,59.3883819580078,18.0792846679688,708.66,807.72,52.7875698642488,12.9527645133755,-0.32512,10,0.368243243243243
"4aaa15","SEJPU",1623061730,59.3930511474609,18.0815734863281,708.66,807.72,54.2805464247652,14.8264799703557,-0.32512,10,0.371621621621622
"4aaa15","SEJPU",1623061740,59.3977692167638,18.0839696423761,708.66,807.72,54.7780203105586,14.6887867733184,0.32512,10,0.375
"4aaa15","SEJPU",1623061750,59.4026572017346,18.0865268049569,708.66,807.72,56.2722729913431,14.2903250818177,0,10,0.378378378378378
"4aaa15","SEJPU",1623061760,59.4076995849609,18.0890808105469,716.28,815.34,56.7709407850373,14.1621680553127,0,10,0.381756756756757
"4aaa15","SEJPU",1623061770,59.4126659328655,18.0913570009429,716.28,815.34,57.417573974761,12.4174457900763,0,10,0.385135135135135
"4aaa15","SEJPU",1623061780,59.4176788330078,18.0934753417969,716.28,815.34,57.5303900558202,12.917812843934,0,10,0.388513513513513
"4aaa15","SEJPU",1623061790,59.4226746639963,18.0953348094019,685.8,784.86,56.5350316359288,7.31901937559043,-6.5024,10,0.391891891891892
"4aaa15","SEJPU",1623061800,59.4275626489672,18.0963766163793,632.46,746.76,54.4290504285017,7.05784664988108,-3.2512,10,0.39527027027027
"4aaa15","SEJPU",1623061810,59.4324971861758,18.0975131330819,586.74,693.42,52.7775418303695,6.155168343274,-5.52704,10,0.398648648648649
"4aaa15","SEJPU",1623061820,59.4370127532442,18.0986496497845,541.02,647.7,52.3874771690747,7.3343788014167,-3.90144,10,0.402027027027027
"4aaa15","SEJPU",1623061830,59.4418487548828,18.0999755859375,495.3,601.98,53.1149416510059,8.91492695714787,-5.85216,10,0.405405405405405
"4aaa15","SEJPU",1623061840,59.4463348388672,18.1015319824219,449.58,548.64,53.4056306413348,13.3669306963168,-6.82752,10,0.408783783783784
"4aaa15","SEJPU",1623061850,59.4500008275953,18.1071735250539,388.62,495.3,53.4081083434698,69.1209831194426,-4.55168,10,0.412162162162162
"4aaa15","SEJPU",1623061860,59.4490232306012,18.1163603683998,350.52,457.2,55.1319820578488,130.079383963636,-3.2512,10,0.41554054054054
"4aaa15","SEJPU",1623061870,59.4445953369141,18.1188354492188,327.66,419.1,56.5045955467049,190.491477012332,-3.2512,10,0.418918918918919
"4aaa15","SEJPU",1623061880,59.4395141601562,18.1151733398438,320.04,411.48,59.9939643318359,202.166345822082,-0.65024,10,0.422297297297297
"4aaa15","SEJPU",1623061890,59.4346385891155,18.1113407529634,312.42,396.24,61.617421380524,202.06789956241,-0.65024,10,0.425675675675676
"4aaa15","SEJPU",1623061900,59.4293975830078,18.1070251464844,320.04,403.86,63.4353468187325,202.405408883365,1.30048,10,0.429054054054054
"4aaa15","SEJPU",1623061910,59.424024678893,18.1027221679688,327.66,419.1,63.6332085139576,202.833654177918,2.60096,10,0.432432432432432
"4aaa15","SEJPU",1623061920,59.4187316894531,18.0986938476562,381,464.82,60.4706984974716,201.982438203119,3.57632,10,0.435810810810811
"4aaa15","SEJPU",1623061930,59.4138336181641,18.0947570800781,403.86,495.3,62.2881011360417,202.328656378019,2.92608,10,0.439189189189189
"4aaa15","SEJPU",1623061940,59.4086158881753,18.0907887425916,403.86,495.3,62.6798873604916,200.666123430953,-1.6256,10,0.442567567567568
"4aaa15","SEJPU",1623061950,59.4032623808263,18.0868109341325,403.86,495.3,64.0084943710943,201.20281864381,-0.65024,10,0.445945945945946
"4aaa15","SEJPU",1623061960,59.3977661132812,18.0823974609375,403.86,495.3,64.107649136846,202.65523270868,1.30048,10,0.449324324324324
"4aaa15","SEJPU",1623061970,59.3925476074219,18.0782775878906,403.86,502.92,64.9687985273705,200.87464682645,-0.65024,10,0.452702702702703
"4aaa15","SEJPU",1623061980,59.386962890625,18.0740661621094,403.86,495.3,64.7872726551825,200.449547610793,0,10,0.456081081081081
"4aaa15","SEJPU",1623061990,59.3815612792969,18.0702209472656,411.48,502.92,66.2355390495727,199.9831065219,-0.65024,10,0.45945945945946
"4aaa15","SEJPU",1623062000,59.3759307861328,18.0663757324219,403.86,495.3,66.3772323154267,198.996654155489,0.32512,10,0.462837837837838
"4aaa15","SEJPU",1623062010,59.3702102919756,18.0625652444774,411.48,502.92,67.1876468941483,198.296218393034,0.65024,10,0.466216216216216
"4aaa15","SEJPU",1623062020,59.3643912622484,18.0589662749192,419.1,510.54,67.2112767824149,196.909271810541,0.32512,10,0.469594594594595
"4aaa15","SEJPU",1623062030,59.3588562011719,18.0556640625,411.48,502.92,66.570325783207,196.614424489126,0.32512,10,0.472972972972973
"4aaa15","SEJPU",1623062040,59.353271484375,18.0519104003906,411.48,502.92,65.092922752534,199.867045007087,-0.65024,10,0.476351351351351
"4aaa15","SEJPU",1623062050,59.3475859043962,18.0479799467942,403.86,495.3,65.092922752534,199.867045007087,0,10,0.47972972972973
"4aaa15","SEJPU",1623062060,59.3422393798828,18.0441284179688,403.86,495.3,65.2695439788129,200.291767667994,0.32512,10,0.483108108108108
"4aaa15","SEJPU",1623062070,59.3364715576172,18.0401000976562,411.48,502.92,65.7523029981893,200.136303428248,0.32512,10,0.486486486486487
"4aaa15","SEJPU",1623062080,59.3310241699219,18.0359802246094,411.48,510.54,66.488777376996,201.801409486352,0.65024,10,0.489864864864865
"4aaa15","SEJPU",1623062090,59.3254735914327,18.0315951643319,403.86,502.92,65.9291648735949,202.963773059855,-0.32512,10,0.493243243243243
"4aaa15","SEJPU",1623062100,59.320026979608,18.0270490975216,403.86,495.3,65.534592892754,202.1354918781,-0.32512,10,0.496621621621622
"4aaa15","SEJPU",1623062110,59.3146269200212,18.0227871598868,411.48,502.92,65.0583545578279,202.306205054908,0.32512,10,0.5
"4aaa15","SEJPU",1623062120,59.3094130693856,18.0186199319774,411.48,502.92,65.3424889780845,201.71764378651,0,10,0.503378378378378
"4aaa15","SEJPU",1623062130,59.3037872314453,18.0141906738281,403.86,495.3,65.3424889780845,201.71764378651,0.32512,10,0.506756756756757
"4aaa15","SEJPU",1623062140,59.2982940673828,18.0098876953125,411.48,502.92,64.8648402295429,201.885792016673,0.32512,10,0.510135135135135
"4aaa15","SEJPU",1623062150,59.2929335771981,18.0057394093481,411.48,502.92,65.4497322774914,200.714174844349,0.65024,10,0.513513513513513
"4aaa15","SEJPU",1623062160,59.2876266220869,18.0018563106142,411.48,502.92,66.1135600524595,200.973493421321,-1.30048,10,0.516891891891892
"4aaa15","SEJPU",1623062170,59.2818075923596,17.9974049535291,411.48,502.92,65.931171941342,200.556045219583,0.97536,10,0.52027027027027
"4aaa15","SEJPU",1623062180,59.2764540850106,17.99342714507,419.1,510.54,66.1135600524595,200.973493421321,-2.27584,10,0.523648648648649
"4aaa15","SEJPU",1623062190,59.2709609209481,17.9893546268858,411.48,502.92,66.5941747184538,200.815065966367,0,10,0.527027027027027
"4aaa15","SEJPU",1623062200,59.2652893066406,17.9851684570312,411.48,502.92,67.4451583850877,201.47679097954,-0.97536,10,0.530405405405405
"4aaa15","SEJPU",1623062210,59.2595556226827,17.9808307516164,411.48,502.92,68.7009096592718,200.606260613837,-0.32512,10,0.533783783783784
"4aaa15","SEJPU",1623062220,59.2537994384766,17.9766540527344,403.86,495.3,67.8617742149108,199.945997861601,-0.65024,10,0.537162162162162
"4aaa15","SEJPU",1623062230,59.2480316162109,17.9727172851562,411.48,510.54,67.0318755329956,199.269294398469,1.30048,10,0.540540540540541
"4aaa15","SEJPU",1623062240,59.2424011230469,17.9687805175781,411.48,510.54,66.4131065165648,200.400209394843,-0.97536,10,0.543918918918919
"4aaa15","SEJPU",1623062250,59.2369079589844,17.9644775390625,396.24,495.3,65.3971443324383,204.145541960422,0,10,0.547297297297297
"4aaa15","SEJPU",1623062260,59.2332536083157,17.9574374494882,403.86,502.92,56.9385169012682,251.565051177078,-1.6256,10,0.550675675675676
"4aaa15","SEJPU",1623062270,59.2348022460938,17.9488220214844,388.62,472.44,51.5805475029512,321.072456407208,-2.60096,10,0.554054054054054
"4aaa15","SEJPU",1623062280,59.2388398768538,17.9473035088901,373.38,472.44,50.9325541357497,0.578725565607762,1.95072,10,0.557432432432432
"4aaa15","SEJPU",1623062290,59.2434539794922,17.9479064941406,381,480.06,47.624290353721,10.5816355209438,-0.97536,10,0.560810810810811
"4aaa15","SEJPU",1623062300,59.2472534179688,17.9498291015625,373.38,472.44,41.6921871357842,15.751173663453,-0.32512,10,0.564189189189189
"4aaa15","SEJPU",1623062310,59.2506641452595,17.9517548659752,365.76,464.82,34.838153757306,16.2940474565989,-0.65024,10,0.567567567567568
"4aaa15","SEJPU",1623062320,59.2532043457031,17.9536743164062,373.38,472.44,28.6845781559329,32.5500034921934,0.65024,10,0.570945945945946
"4aaa15","SEJPU",1623062330,59.255126953125,17.9566040039062,373.38,472.44,25.2287449761592,39.2072035049678,-1.30048,10,0.574324324324324
"4aaa15","SEJPU",1623062340,59.256669383938,17.9587633856412,365.76,457.2,20.9474117519919,24.6768631703371,-0.32512,10,0.577702702702703
"4aaa15","SEJPU",1623062350,59.2583312988281,17.9600830078125,365.76,457.2,17.2932782006096,30.3791260113683,0.65024,10,0.581081081081081
"4aaa15","SEJPU",1623062360,59.2592926025391,17.9620971679688,373.38,464.82,15.9809194703008,56.8214883406073,0.32512,10,0.584459459459459
"4aaa15","SEJPU",1623062370,59.2597961425781,17.9645690917969,373.38,464.82,15.43332,90,0.32512,10,0.587837837837838
"4aaa15","SEJPU",1623062380,59.2587642346398,17.9665295831088,373.38,464.82,17.7166028954565,154.179008025811,-0.32512,10,0.591216216216216
"4aaa15","SEJPU",1623062390,59.25732421875,17.9671325683594,365.76,457.2,15.9809194703008,183.691385986451,-1.30048,10,0.594594594594595
"4aaa15","SEJPU",1623062400,59.256157309322,17.9659613247575,350.52,441.96,13.8422723385456,228.012787504183,-1.30048,10,0.597972972972973
"4aaa15","SEJPU",1623062410,59.2557848914195,17.9635935816272,335.28,426.72,15.4418916863037,268.090847567004,-0.97536,10,0.601351351351351
"4aaa15","SEJPU",1623062420,59.2562038615598,17.9612258384968,335.28,426.72,15.43332,306.869897645844,0.65024,10,0.60472972972973
"4aaa15","SEJPU",1623062430,59.2571411132812,17.9590759277344,342.9,434.34,14.1915697078405,316.468800714386,0.65024,10,0.608108108108108
"4aaa15","SEJPU",1623062440,59.2581939697266,17.9578857421875,335.28,426.72,16.1128591250099,343.300755766006,0.32512,10,0.611486486486487
"4aaa15","SEJPU",1623062450,59.2598349361096,17.9576268689386,342.9,434.34,20.0896804213606,13.3245312618908,0.65024,10,0.614864864864865
"4aaa15","SEJPU",1623062460,59.2613711599576,17.9598051926185,342.9,434.34,23.14998,53.130102354156,1.30048,10,0.618243243243243
"4aaa15","SEJPU",1623062470,59.2621765136719,17.9639282226562,342.9,441.96,24.7200914374325,77.9885216136346,0.32512,10,0.621621621621622
"4aaa15","SEJPU",1623062480,59.2621159957627,17.9679502289871,350.52,441.96,24.2444527533837,107.281498371817,1.30048,10,0.625
"4aaa15","SEJPU",1623062490,59.260765980866,17.9713597790948,358.14,449.58,23.8704233420735,142.88313931673,-0.32512,10,0.628378378378378
"4aaa15","SEJPU",1623062500,59.2588573391155,17.9720227471713,350.52,441.96,22.4122888188629,189.246112745563,0,10,0.631756756756757
"4aaa15","SEJPU",1623062510,59.2570495605469,17.9702453613281,350.52,441.96,21.1485919918996,221.054813770962,0.32512,10,0.635135135135135
"4aaa15","SEJPU",1623062520,59.2562038615598,17.967476680361,358.14,441.96,16.7569818139573,252.121303404159,1.30048,10,0.638513513513513
"4aaa15","SEJPU",1623062530,59.2562255859375,17.9646606445312,365.76,457.2,15.8478814057294,283.134022306396,-0.65024,10,0.641891891891892
"4aaa15","SEJPU",1623062540,59.2568555928893,17.9619835162985,365.76,457.2,16.9844448174864,305.134193056916,0.32512,10,0.64527027027027
"4aaa15","SEJPU",1623062550,59.2577400854078,17.9598999023438,373.38,464.82,15.6462034356837,316.33221985387,0.97536,10,0.648648648648649
"4aaa15","SEJPU",1623062560,59.2592010498047,17.9590759277344,381,472.44,18.00554,0,0,10,0.652027027027027
"4aaa15","SEJPU",1623062570,59.2605743408203,17.9592590332031,373.38,464.82,18.0128877007751,1.63657704161672,-0.65024,10,0.655405405405405
"4aaa15","SEJPU",1623062580,59.2622556524762,17.9602787412446,373.38,464.82,18.9158757289181,45,-0.97536,10,0.658783783783784
"4aaa15","SEJPU",1623062590,59.2630935927569,17.9636882913524,365.76,457.2,24.0966360375133,73.8865817669107,0.65024,10,0.662162162162162
"4aaa15","SEJPU",1623062600,59.263326353946,17.9679502289871,373.38,464.82,24.4455647631444,98.4711446330148,0.97536,10,0.665540540540541
"4aaa15","SEJPU",1623062610,59.262302204714,17.97145448882,381,472.44,23.3265043567101,138.576334374997,1.30048,10,0.668918918918919
"4aaa15","SEJPU",1623062620,59.2603470107256,17.9738222319504,388.62,487.68,25.7838593773243,151.389540334035,0.32512,10,0.672297297297297
"4aaa15","SEJPU",1623062630,59.2583312988281,17.97509765625,396.24,495.3,21.2484678343173,173.047042531826,0.65024,10,0.675675675675676
"4aaa15","SEJPU",1623062640,59.2568555928893,17.9740116514009,388.62,480.06,17.7016584787139,215.537677791974,-1.95072,10,0.679054054054054
"4aaa15","SEJPU",1623062650,59.2558314436573,17.9720227471713,381,472.44,15.1302519543675,234.688786560367,-0.65024,10,0.682432432432432
"4aaa15","SEJPU",1623062660,59.2552642822266,17.9696960449219,373.38,464.82,14.641332917469,251.565051177078,0,10,0.685810810810811
"4aaa15","SEJPU",1623062670,59.2548072944253,17.9671925511853,365.76,457.2,16.4380757495473,249.863696571752,0,10,0.689189189189189
"4aaa15","SEJPU",1623062680,59.2545279809984,17.9642565497037,365.76,457.2,16.4702442260095,268.210089391754,0,10,0.692567567567568
"4aaa15","SEJPU",1623062690,59.2547141899497,17.9616993871228,373.38,464.82,15.8478814057294,283.134022306396,0.97536,10,0.695945945945946
"4aaa15","SEJPU",1623062700,59.2551797123279,17.9588580953664,388.62,480.06,17.4076782013202,304.159694545669,2.60096,10,0.699324324324324
"4aaa15","SEJPU",1623062710,59.2562969660355,17.956490352236,396.24,487.68,18.6410542098769,320.599339336521,-1.30048,10,0.702702702702703
"4aaa15","SEJPU",1623062720,59.2576904296875,17.9550476074219,388.62,487.68,19.7173708237377,344.875992691689,0.32512,10,0.706081081081081
"4aaa15","SEJPU",1623062730,59.2596021749205,17.9549749966325,381,472.44,21.7105120273847,13.7069610040798,-1.30048,10,0.709459459459459
"4aaa15","SEJPU",1623062740,59.2614177121955,17.9569639008621,373.38,464.82,22.7405197243103,37.6476206401076,-0.65024,10,0.712837837837838
"4aaa15","SEJPU",1623062750,59.2629073838056,17.9597104828933,365.76,457.2,22.4299943822449,53.3929251873925,-0.32512,10,0.716216216216216
"4aaa15","SEJPU",1623062760,59.2635591151351,17.9634041621767,365.76,457.2,23.5129611547568,79.9194020124577,-0.32512,10,0.719594594594595
"4aaa15","SEJPU",1623062770,59.2635498046875,17.9674987792969,373.38,464.82,21.8260104564439,98.130102354156,0,10,0.722972972972973
"4aaa15","SEJPU",1623062780,59.2629089355469,17.9707946777344,358.14,457.2,21.7044161373228,121.429565614838,-1.6256,10,0.726351351351351
"4aaa15","SEJPU",1623062790,59.2616970256223,17.9741063611261,358.14,449.58,23.7146966439379,130.601294645004,1.30048,10,0.72972972972973
"4aaa15","SEJPU",1623062800,59.2599745928231,17.9766635237069,373.38,464.82,24.6557719231297,156.644435140714,1.30048,10,0.733108108108108
"4aaa15","SEJPU",1623062810,59.2578735351562,17.9775695800781,381,472.44,22.6413811998392,181.301952672579,0.97536,10,0.736486486486487
"4aaa15","SEJPU",1623062820,59.2557383391817,17.9764741042565,388.62,487.68,29.9616708150482,195.945395900923,0,10,0.739864864864865
"4aaa15","SEJPU",1623062830,59.252852100437,17.9750534583782,381,472.44,34.3446759783689,196.534837857345,0,10,0.743243243243243
"4aaa15","SEJPU",1623062840,59.2498727572166,17.9729698444235,388.62,480.06,36.1211497829247,197.402704131356,1.30048,10,0.746621621621622
"4aaa15","SEJPU",1623062850,59.2468414306641,17.9715270996094,388.62,480.06,36.3257210371948,192.264773727892,-0.65024,10,0.75
"4aaa15","SEJPU",1623062860,59.2435416528734,17.9706021012931,373.38,464.82,34.9973194350854,181.684684317896,-0.97536,10,0.753378378378378
"4aaa15","SEJPU",1623062870,59.2405157574153,17.9707915207435,365.76,457.2,34.5635930990964,175.732106699709,-0.97536,10,0.756756756756757
"4aaa15","SEJPU",1623062880,59.2375364141949,17.9718333277209,365.76,457.2,31.381084,169.61114218453,-0.32512,10,0.760135135135135
"4aaa15","SEJPU",1623062890,59.2348937988281,17.9723510742188,358.14,449.58,28.8272311449962,177.954591511113,0,10,0.763513513513513
"4aaa15","SEJPU",1623062900,59.2324676513672,17.9728088378906,358.14,449.58,24.8854807503942,172.874983651098,0,10,0.766891891891892
"4aaa15","SEJPU",1623062910,59.2305070262844,17.9737275222252,365.76,457.2,21.4961273366031,158.962488974578,1.6256,10,0.77027027027027
"4aaa15","SEJPU",1623062920,59.2288513183594,17.9753723144531,381,472.44,19.5556398284873,153.434948822922,0.32512,10,0.773648648648649
"4aaa15","SEJPU",1623062930,59.2274322509766,17.9772033691406,381,472.44,19.1384230992061,143.746162262555,-0.97536,10,0.777027027027027
"4aaa15","SEJPU",1623062940,59.2258758544922,17.978759765625,373.38,464.82,21.4159521453679,155.897765498839,0.97536,10,0.780405405405405
"4aaa15","SEJPU",1623062950,59.2238616943359,17.9804077148438,365.76,457.2,23.7537240305168,162.34987578007,-1.95072,10,0.783783783783784
"4aaa15","SEJPU",1623062960,59.2218483100503,17.9823461072198,350.52,441.96,29.2464920523394,140.7105931375,-2.60096,10,0.787162162162162
"4aaa15","SEJPU",1623062970,59.2203369140625,17.9867248535156,342.9,434.34,32.2913511454049,112.479434397103,1.30048,10,0.790540540540541
"4aaa15","SEJPU",1623062980,59.2191925048828,17.9922180175781,358.14,449.58,32.767296446377,112.1354918781,0,10,0.793918918918919
"4aaa15","SEJPU",1623062990,59.2181396484375,17.997802734375,350.52,441.96,36.6123690379882,109.707978842979,-0.32512,10,0.797297297297297
"4aaa15","SEJPU",1623063000,59.2171325683594,18.0040283203125,350.52,441.96,38.0584266524685,103.284866484902,0.65024,10,0.800675675675676
"4aaa15","SEJPU",1623063010,59.2164016982256,18.0108537345097,350.52,441.96,39.2497510081358,100.573523418561,-2.27584,10,0.804054054054054
"4aaa15","SEJPU",1623063020,59.2157034146584,18.017578125,342.9,434.34,39.4515159651542,102.042575142885,-0.65024,10,0.807432432432432
"4aaa15","SEJPU",1623063030,59.2149353027344,18.0246276855469,342.9,434.34,39.1788877967305,103.671307132196,-0.32512,10,0.810810810810811
"4aaa15","SEJPU",1623063040,59.2140655517578,18.0309448242188,335.28,426.72,39.4347416474755,105.124007308311,0.32512,10,0.814189189189189
"4aaa15","SEJPU",1623063050,59.2131500244141,18.0377197265625,335.28,426.72,39.931592637214,104.931417178138,0.32512,10,0.817567567567568
"4aaa15","SEJPU",1623063060,59.2125378624868,18.0449492355873,335.28,426.72,40.3928639566872,96.581944655178,-0.32512,10,0.820945945945946
"4aaa15","SEJPU",1623063070,59.2120513916016,18.0519104003906,342.9,434.34,40.0903406912803,98.8579587636284,0.32512,10,0.824324324324324
"4aaa15","SEJPU",1623063080,59.2115478515625,18.0586853027344,342.9,434.34,38.9247517885933,97.5946433685914,0,10,0.827702702702703
"4aaa15","SEJPU",1623063090,59.2110900878906,18.0653686523438,342.9,434.34,38.8021752889539,96.0885281541952,0.65024,10,0.831081081081081
"4aaa15","SEJPU",1623063100,59.2108154296875,18.0718467975485,350.52,441.96,38.6689456103784,93.8140748342904,-0.65024,10,0.834459459459459
"4aaa15","SEJPU",1623063110,59.2105407714844,18.0788269042969,342.9,434.34,39.2193967385837,94.5139884580013,0,10,0.837837837837838
"4aaa15","SEJPU",1623063120,59.2103576660156,18.0858764648438,358.14,449.58,38.6689456103784,93.8140748342904,3.2512,10,0.841216216216216
"4aaa15","SEJPU",1623063130,59.210163698358,18.0922093884698,388.62,480.06,38.6689456103784,93.8140748342904,2.27584,10,0.844594594594595
"4aaa15","SEJPU",1623063140,59.2099914550781,18.0993347167969,403.86,495.3,39.625547928879,91.4878675288278,0.65024,10,0.847972972972973
"4aaa15","SEJPU",1623063150,59.2100240416446,18.1061317180765,403.86,495.3,39.625547928879,88.5121324711722,-0.97536,10,0.851351351351351
"4aaa15","SEJPU",1623063160,59.2100372314453,18.1133422851562,403.86,495.3,39.6155284046102,90.7440592028887,0,10,0.85472972972973
"4aaa15","SEJPU",1623063170,59.2098843849311,18.1201487574084,403.86,495.3,38.6381350605354,93.0528825147924,0.32512,10,0.858108108108108
"4aaa15","SEJPU",1623063180,59.2098083496094,18.1268005371094,403.86,502.92,39.6155284046102,89.2559407971113,1.30048,10,0.861486486486487
"4aaa15","SEJPU",1623063190,59.2101745605469,18.1338500976562,411.48,510.54,41.0686158213754,77.7047335770018,0.97536,10,0.864864864864865
"4aaa15","SEJPU",1623063200,59.2109085341631,18.1396589608028,403.86,502.92,39.8652610421866,70.3959118491706,-0.32512,10,0.868243243243243
"4aaa15","SEJPU",1623063210,59.212646484375,18.1468505859375,403.86,495.3,39.1281926435628,61.7502645050257,-1.6256,10,0.871621621621622
"4aaa15","SEJPU",1623063220,59.2144930564751,18.152918322333,403.86,495.3,38.9519386274507,56.3099324740202,0.32512,10,0.875
"4aaa15","SEJPU",1623063230,59.2163543701172,18.1582946777344,411.48,502.92,39.2396355272733,55.6849124000027,0.97536,10,0.878378378378378
"4aaa15","SEJPU",1623063240,59.2184499966896,18.1639993601832,411.48,510.54,39.5319336112981,55.0690626988894,0.32512,10,0.881756756756757
"4aaa15","SEJPU",1623063250,59.2204742431641,18.1698303222656,411.48,502.92,39.6656007166603,56.1038334366361,-0.32512,10,0.885135135135135
"4aaa15","SEJPU",1623063260,59.2224069369041,18.1753645272091,411.48,510.54,40.3797579005483,55.9050220452345,0.97536,10,0.888513513513513
"4aaa15","SEJPU",1623063270,59.2245483398438,18.1812744140625,411.48,510.54,41.15552,53.130102354156,0.32512,10,0.891891891891892
"4aaa15","SEJPU",1623063280,59.2269690562103,18.1868244039601,411.48,510.54,40.0209658995266,43.95837332399,-0.65024,10,0.89527027027027
"4aaa15","SEJPU",1623063290,59.2296225337659,18.1906127929688,403.86,510.54,37.8492362077911,31.0973128857794,0,10,0.898648648648649
"4aaa15","SEJPU",1623063300,59.2326018769862,18.193359375,403.86,502.92,36.2089647012966,22.5572466347056,-0.32512,10,0.902027027027027
"4aaa15","SEJPU",1623063310,59.2355346679688,18.1958312988281,403.86,495.3,35.2609990170575,23.1985905136482,0,10,0.905405405405405
"4aaa15","SEJPU",1623063320,59.2385559082031,18.1983032226562,396.24,487.68,34.8685270444678,21.644435140714,0,10,0.908783783783784
"4aaa15","SEJPU",1623063330,59.2415313720703,18.2005920410156,396.24,487.68,36.4929038281739,21.5014343240479,0,10,0.912162162162162
"4aaa15","SEJPU",1623063340,59.2445658021054,18.2029250572468,403.86,495.3,38.414880711286,20.3764352138364,2.27584,10,0.915540540540541
"4aaa15","SEJPU",1623063350,59.2480572199417,18.2052928003772,419.1,518.16,40.0209658995266,17.969139740157,-0.32512,10,0.918918918918919
"4aaa15","SEJPU",1623063360,59.2513732910156,18.2074584960938,403.86,495.3,40.5236913889749,20.045249425421,-1.6256,10,0.922297297297297
"4aaa15","SEJPU",1623063370,59.2548522949219,18.210205078125,403.86,495.3,40.3272910823517,23.2945632538944,0.97536,10,0.925675675675676
"4aaa15","SEJPU",1623063380,59.2584383689751,18.2128695783944,403.86,502.92,45.2301318063664,19.2592916437672,-0.65024,10,0.929054054054054
"4aaa15","SEJPU",1623063390,59.262302204714,18.2158055798761,403.86,495.3,48.6360483511723,23.0394359799035,-1.30048,10,0.932432432432432
"4aaa15","SEJPU",1623063400,59.2665710449219,18.2192687988281,396.24,487.68,53.2269329841658,20.3616032753862,-0.32512,10,0.935810810810811
"4aaa15","SEJPU",1623063410,59.2714233398438,18.2225646972656,388.62,472.44,59.0536001792022,18.2771096092201,-0.65024,10,0.939189189189189
"4aaa15","SEJPU",1623063420,59.2766868461997,18.2252765523976,396.24,487.68,62.011311075852,13.9209603649208,0.32512,10,0.942567567567568
"4aaa15","SEJPU",1623063430,59.2819006968353,18.227644295528,396.24,487.68,64.3939235743781,12.925999124706,0,10,0.945945945945946
"4aaa15","SEJPU",1623063440,59.2878112792969,18.2301635742188,403.86,495.3,64.7831875785584,12.3807569288072,0.32512,10,0.949324324324324
"4aaa15","SEJPU",1623063450,59.2935791015625,18.2326354980469,403.86,495.3,64.066353300857,11.5806191822281,0.97536,10,0.952702702702703
"4aaa15","SEJPU",1623063460,59.2989853681144,18.2348422346444,419.1,510.54,63.058748423739,11.7682889320206,0.32512,10,0.956081081081081
"4aaa15","SEJPU",1623063470,59.3045250844147,18.2370205583243,419.1,510.54,62.451467521406,11.4024942343891,0.32512,10,0.959459459459459
"4aaa15","SEJPU",1623063480,59.3100128173828,18.2392272949219,411.48,502.92,63.058748423739,11.7682889320206,-0.65024,10,0.962837837837838
"4aaa15","SEJPU",1623063490,59.3156045170154,18.2413772056843,411.48,502.92,62.6629959265501,6.59991698191387,-0.65024,10,0.966216216216216
"4aaa15","SEJPU",1623063500,59.3208649198888,18.2411877862338,403.86,495.3,61.9921029461322,354.762523933187,-0.32512,10,0.969594594594595
"4aaa15","SEJPU",1623063510,59.3265380859375,18.2397766113281,411.48,502.92,61.7697090348798,352.342290306286,-0.65024,10,0.972972972972973
"4aaa15","SEJPU",1623063520,59.3322702181541,18.2380623653017,403.86,495.3,61.1517918763766,349.824489156957,-0.32512,10,0.976351351351351
"4aaa15","SEJPU",1623063530,59.3372955322266,18.2353820800781,358.14,457.2,59.7043236443793,341.40893227322,-4.8768,10,0.97972972972973
"4aaa15","SEJPU",1623063540,59.3423255015228,18.2317168137123,312.42,411.48,58.1776802048716,338.198590513648,-5.52704,10,0.983108108108108
"4aaa15","SEJPU",1623063550,59.3470738297802,18.2277390052532,259.08,358.14,55.0094370225785,335.112588289076,-5.20192,10,0.986486486486487
"4aaa15","SEJPU",1623063560,59.3514862060547,18.2236633300781,251.46,335.28,56.2040370557783,336.250505507133,-3.2512,10,0.989864864864865
"4aaa15","SEJPU",1623063570,59.3562911728681,18.2194045494343,228.6,320.04,57.7507786300053,334.119726329931,-0.97536,10,0.993243243243243
"4aaa15","SEJPU",1623063580,59.3609161376953,18.2149658203125,213.36,304.8,56.3662559762282,333.434948822922,-1.95072,10,0.996621621621622
"4aaa15","SEJPU",1623063590,59.3654479980469,18.2106628417969,198.12,289.56,57.0569188705624,333.203918706027,-0.97536,10,1
